IMDb ID	Title	Year	Language(s)
tt0374995	ERROR	ERROR	ERROR
tt0511800	Ring of Fire	1998	English
tt0511801	Strangler	1998	English
tt0558732	Unaired Pilot	2004	English
tt0839174	ERROR	ERROR	ERROR
tt1069841	ERROR	ERROR	ERROR
tt1069842	ERROR	ERROR	ERROR
tt1083849	ERROR	ERROR	ERROR
tt1278351	ERROR	ERROR	ERROR
tt1386664	ERROR	ERROR	ERROR
tt1468447	#DUPE#	2007	N/A
tt1996306923	ERROR	ERROR	ERROR
tt2368709	Continuum	2015	English
tt3481156	The Little Things	2014	English
tt3607000	ERROR	ERROR	ERROR
tt5168880	I'm So Happy That Josh Is So Happy!	2015	English, French
tt5223544	Paula Needs to Get Over Josh!	2016	English, Hebrew, French
tt5250990	Josh's Sister Is Getting Married!	2016	English
tt5304966	How to Survive Your Parents' Visit	2016	English
tt5373486	How to Survive Working with Friends	2016	English
tt5397296	Episode #1.1	2016	N/A
tt5465406	How to Survive Losing Your Phone	2016	English
tt5547504	How to Survive Old Friends	2016	N/A
tt5753546	All Signs Point to Josh... Or Is It Josh's Friend?	2016	English
tt5753554	When Will Josh and His Friend Leave Me Alone?	2016	English, Italian, Spanish
tt5753574	Who Is Josh's Soup Fairy?	2017	English
tt5753584	Is Josh Free in Two Weeks?	2017	English, Spanish, French
tt6103664	Going Deep	2016	English
tt6204182	No Debts Remain Unpaid	2016	English
tt6206800	No Bad Ideas	2016	English
tt6363618	Funeral	2017	N/A
tt6363622	Yard Sale	2017	N/A
